<?xml version="1.0" encoding="windows-1252"?>
<Collection name="Social Media" guid="{3B4362B9-5556-4890-B049-56B31B869C64}" system="No" updatable="Yes" blockNavigatorNode="No">
	<HelpLink>http://wiki.kmacloud.net/index.php?title=Social_Media_Collection</HelpLink>
	<Help></Help>
	<Addon name="Add This" guid="{DCBE4BD3-AF3C-4412-90E6-1740C391CE8E}" type="Add-on">
		<Copy></Copy>
		<CopyText><![CDATA[
<!-- AddThis Button BEGIN -->
<script type="text/javascript">addthis_pub  = 'AddThisAccount';</script>
<a href="http://www.addthis.com/bookmark.php" onmouseover="return addthis_open(this, '', '[URL]', '[TITLE]')" onmouseout="addthis_close()" onclick="return addthis_sendto()"><img src="http://s9.addthis.com/button1-share.gif" width="125" height="16" border="0" alt="" /></a><script type="text/javascript" src="http://s7.addthis.com/js/152/addthis_widget.js"></script>
<!-- AddThis Button END -->
            ]]></CopyText>
		<ActiveXProgramID></ActiveXProgramID>
		<DotNetClass></DotNetClass>
		<ArgumentList><![CDATA[AddThisAccount]]></ArgumentList>
		<AsAjax>No</AsAjax>
		<Filter>No</Filter>
		<Help></Help>
		<HelpLink></HelpLink>
		<Icon Link="http://www.addthis.com/bookmark.php" width="0" height="0" sprites="0" />
		<InIframe>No</InIframe>
		<BlockEditTools>Yes</BlockEditTools>
		<FormXML></FormXML>
		<IsInline>No</IsInline>
		<JavascriptInHead></JavascriptInHead>
		<javascriptForceHead>No</javascriptForceHead>
		<JSHeadScriptSrc></JSHeadScriptSrc>
		<!-- deprecated --><JSBodyScriptSrc></JSBodyScriptSrc>
		<!-- deprecated --><JavascriptBodyEnd></JavascriptBodyEnd>
		<!-- deprecated --><JavascriptOnLoad></JavascriptOnLoad>
		<Content>Yes</Content>
		<Template>Yes</Template>
		<Email>No</Email>
		<Admin>No</Admin>
		<OnPageEndEvent>No</OnPageEndEvent>
		<OnPageStartEvent>No</OnPageStartEvent>
		<OnBodyStart>No</OnBodyStart>
		<OnBodyEnd>No</OnBodyEnd>
		<RemoteMethod>No</RemoteMethod>
		<ProcessRunOnce>No</ProcessRunOnce>
		<ProcessInterval>0</ProcessInterval>
		<MetaDescription></MetaDescription>
		<OtherHeadTags></OtherHeadTags>
		<PageTitle></PageTitle>
		<RemoteAssetLink></RemoteAssetLink>
		<Styles></Styles>
		<styleslinkhref></styleslinkhref>
		<Scripting Language="VBScript" EntryPoint="" Timeout="5000"/>
	</Addon>
	<Addon name="FaceBook Activity Feed" guid="{8FEAAEE3-EFBE-4227-9AB1-7A96744E2096}" type="Add-on">
		<Copy></Copy>
		<CopyText></CopyText>
		<ActiveXProgramID></ActiveXProgramID>
		<DotNetClass></DotNetClass>
		<ArgumentList></ArgumentList>
		<AsAjax>No</AsAjax>
		<Filter>No</Filter>
		<Help></Help>
		<HelpLink></HelpLink>
		<Icon Link="" width="0" height="0" sprites="0" />
		<InIframe>No</InIframe>
		<BlockEditTools>Yes</BlockEditTools>
		<FormXML></FormXML>
		<IncludeAddon name="Facebook Javascript SDK" guid="{F6C9FE6F-F126-4E35-850C-FD9BEDDA7E64}"/>
		<IsInline>No</IsInline>
		<JavascriptInHead></JavascriptInHead>
		<javascriptForceHead>No</javascriptForceHead>
		<JSHeadScriptSrc></JSHeadScriptSrc>
		<!-- deprecated --><JSBodyScriptSrc></JSBodyScriptSrc>
		<!-- deprecated --><JavascriptBodyEnd></JavascriptBodyEnd>
		<!-- deprecated --><JavascriptOnLoad></JavascriptOnLoad>
		<Content>Yes</Content>
		<Template>Yes</Template>
		<Email>No</Email>
		<Admin>No</Admin>
		<OnPageEndEvent>No</OnPageEndEvent>
		<OnPageStartEvent>No</OnPageStartEvent>
		<OnBodyStart>No</OnBodyStart>
		<OnBodyEnd>No</OnBodyEnd>
		<RemoteMethod>No</RemoteMethod>
		<ProcessRunOnce>No</ProcessRunOnce>
		<ProcessInterval>0</ProcessInterval>
		<MetaDescription></MetaDescription>
		<OtherHeadTags></OtherHeadTags>
		<PageTitle></PageTitle>
		<RemoteAssetLink></RemoteAssetLink>
		<Styles></Styles>
		<styleslinkhref></styleslinkhref>
		<Scripting Language="VBScript" EntryPoint="" Timeout="5000"/>
	</Addon>
	<Addon name="Facebook Javascript SDK" guid="{F6C9FE6F-F126-4E35-850C-FD9BEDDA7E64}" type="Add-on">
		<Copy></Copy>
		<CopyText><![CDATA[<div id="fb-root"></div>
<script>(function(d, s, id) {
  var js, fjs = d.getElementsByTagName(s)[0];
  if (d.getElementById(id)) return;
  js = d.createElement(s); js.id = id;
  js.src = "//connect.facebook.net/en_US/all.js#xfbml=1";
  fjs.parentNode.insertBefore(js, fjs);
}(document, 'script', 'facebook-jssdk'));</script>]]></CopyText>
		<ActiveXProgramID></ActiveXProgramID>
		<DotNetClass></DotNetClass>
		<ArgumentList></ArgumentList>
		<AsAjax>No</AsAjax>
		<Filter>No</Filter>
		<Help></Help>
		<HelpLink></HelpLink>
		<Icon Link="" width="0" height="0" sprites="0" />
		<InIframe>No</InIframe>
		<BlockEditTools>Yes</BlockEditTools>
		<FormXML></FormXML>
		<IsInline>No</IsInline>
		<JavascriptInHead></JavascriptInHead>
		<javascriptForceHead>No</javascriptForceHead>
		<JSHeadScriptSrc></JSHeadScriptSrc>
		<!-- deprecated --><JSBodyScriptSrc></JSBodyScriptSrc>
		<!-- deprecated --><JavascriptBodyEnd></JavascriptBodyEnd>
		<!-- deprecated --><JavascriptOnLoad></JavascriptOnLoad>
		<Content>No</Content>
		<Template>No</Template>
		<Email>No</Email>
		<Admin>No</Admin>
		<OnPageEndEvent>No</OnPageEndEvent>
		<OnPageStartEvent>No</OnPageStartEvent>
		<OnBodyStart>Yes</OnBodyStart>
		<OnBodyEnd>No</OnBodyEnd>
		<RemoteMethod>No</RemoteMethod>
		<ProcessRunOnce>No</ProcessRunOnce>
		<ProcessInterval>0</ProcessInterval>
		<MetaDescription></MetaDescription>
		<OtherHeadTags></OtherHeadTags>
		<PageTitle></PageTitle>
		<RemoteAssetLink></RemoteAssetLink>
		<Styles></Styles>
		<styleslinkhref></styleslinkhref>
		<Scripting Language="VBScript" EntryPoint="" Timeout="5000"/>
	</Addon>
	<Addon name="FaceBook Like" guid="{17919A35-06B3-4F32-9607-4DB3228A15DF}" type="Add-on">
		<Copy></Copy>
		<CopyText></CopyText>
		<ActiveXProgramID></ActiveXProgramID>
		<DotNetClass></DotNetClass>
		<ArgumentList></ArgumentList>
		<AsAjax>No</AsAjax>
		<Filter>No</Filter>
		<Help></Help>
		<HelpLink></HelpLink>
		<Icon Link="" width="0" height="0" sprites="0" />
		<InIframe>No</InIframe>
		<BlockEditTools>No</BlockEditTools>
		<FormXML></FormXML>
		<IncludeAddon name="Facebook Javascript SDK" guid="{F6C9FE6F-F126-4E35-850C-FD9BEDDA7E64}"/>
		<IsInline>No</IsInline>
		<JavascriptOnLoad></JavascriptOnLoad>
		<JavascriptInHead></JavascriptInHead>
		<JavascriptBodyEnd></JavascriptBodyEnd>
		<MetaDescription></MetaDescription>
		<OtherHeadTags></OtherHeadTags>
		<Content>Yes</Content>
		<Template>Yes</Template>
		<Email>No</Email>
		<Admin>No</Admin>
		<OnPageEndEvent>No</OnPageEndEvent>
		<OnPageStartEvent>No</OnPageStartEvent>
		<OnBodyStart>No</OnBodyStart>
		<OnBodyEnd>No</OnBodyEnd>
		<RemoteMethod>No</RemoteMethod>
		<ProcessRunOnce>No</ProcessRunOnce>
		<ProcessInterval>0</ProcessInterval>
		<PageTitle></PageTitle>
		<RemoteAssetLink></RemoteAssetLink>
		<Styles></Styles>
		<Scripting Language="" EntryPoint="" Timeout="5000">
			<Code><![CDATA[function m
dim pageId,pageLink
m=""
pagelink = CP.Doc.getText("Open Graph URL")
if pagelink="" then
	pageId = cp.doc.pageId
	pageLink = cp.content.getPageLink( pageId )
end if
if pageLink<>"" then
    m = "<div" _
		& " class=""fb-like""" _
		& " data-href=""" & pageLink & """" _
		& " data-send=""true""" _
		& " data-width=""450""" _
		& " data-show-faces=""true""" _
		& " data-font=""arial"">" _
		& "</div>"
end if
end function

]]></Code>
		</Scripting>
	</Addon>
	<Addon name="Open Graph" guid="{13231CF9-C06D-4748-83F4-A49545C1B4DA}" type="Add-on">
		<Copy></Copy>
		<CopyText></CopyText>
		<ActiveXProgramID></ActiveXProgramID>
		<DotNetClass></DotNetClass>
		<ArgumentList></ArgumentList>
		<AsAjax>No</AsAjax>
		<Filter>No</Filter>
		<Help></Help>
		<HelpLink><![CDATA[http://support.contensive.com/Open-Graph-Meta-Tags]]></HelpLink>
		<Icon Link="http://support.contensive.com/hlpRsrc/opengraph.png" width="57" height="59" sprites="4" />
		<InIframe>No</InIframe>
		<BlockEditTools>Yes</BlockEditTools>
		<FormXML></FormXML>
		<IsInline>No</IsInline>
		<JavascriptInHead></JavascriptInHead>
		<javascriptForceHead>No</javascriptForceHead>
		<JSHeadScriptSrc></JSHeadScriptSrc>
		<!-- deprecated --><JSBodyScriptSrc></JSBodyScriptSrc>
		<!-- deprecated --><JavascriptBodyEnd></JavascriptBodyEnd>
		<!-- deprecated --><JavascriptOnLoad></JavascriptOnLoad>
		<Content>No</Content>
		<Template>No</Template>
		<Email>No</Email>
		<Admin>No</Admin>
		<OnPageEndEvent>No</OnPageEndEvent>
		<OnPageStartEvent>No</OnPageStartEvent>
		<OnBodyStart>No</OnBodyStart>
		<OnBodyEnd>Yes</OnBodyEnd>
		<RemoteMethod>No</RemoteMethod>
		<ProcessRunOnce>No</ProcessRunOnce>
		<ProcessInterval>0</ProcessInterval>
		<MetaDescription></MetaDescription>
		<OtherHeadTags></OtherHeadTags>
		<PageTitle></PageTitle>
		<RemoteAssetLink></RemoteAssetLink>
		<Styles></Styles>
		<styleslinkhref></styleslinkhref>
		<Scripting Language="VBScript" EntryPoint="" Timeout="5000">
			<Code><![CDATA[
function m
	call addTag( "fb:admins", "facebook admin Id list" )
	call addTag( "og:title", "Open Graph Title" )
	call addTag( "og:type", "Open Graph Content Type" )
	call addTag( "og:url", "Open Graph URL" )
	call addTag( "og:site_name", "Open Graph Site Name" )
	call addTag( "og:description", "Open Graph Description" ) 
	dim ogImage
	ogImage = cp.doc.getText( "Open Graph Image" )
	if ( ogImage = "" ) then
		ogImage = cp.site.getText( "pageImageFilename" )
		if ( ogImage <> "" ) then
		ogImage = cp.site.filePath & ogImage
		end if
	end if
	call addTag( "og:image", "Open Graph Image" )
	call CP.Doc.AddHeadTag("<meta property=""og:image"" content=""" & cp.utils.encodeHtml( ogImage ) & """/>" )
end function
'
function addTag( ogName, key )
    dim ogValue
	ogValue  = cp.doc.getText( key )
	if ( ogValue = "" ) then
		ogValue = cp.site.getText( key )
	end if
	if ( ogValue <> "" ) then
		call CP.Doc.AddHeadTag("<meta property=""" & ogName & """ content=""" & cp.utils.encodeHtml( ogValue ) & """/>" )
	end if
end function
]]></Code>
		</Scripting>
	</Addon>
	<Addon name="Social Media Settings" guid="{C8304551-7A85-400E-8DAC-DB3832A603DE}" type="Setting">
		<Copy></Copy>
		<CopyText></CopyText>
		<ActiveXProgramID></ActiveXProgramID>
		<DotNetClass></DotNetClass>
		<ArgumentList></ArgumentList>
		<AsAjax>No</AsAjax>
		<Filter>No</Filter>
		<Help><![CDATA[<p>Settings used when creating Open Graph META tags.</p>]]></Help>
		<HelpLink><![CDATA[http://support.contensive.com/Open-Graph-Meta-Tags]]></HelpLink>
		<Icon Link="http://support.contensive.com/hlpRsrc/opengraphSettings.png" width="57" height="59" sprites="4" />
		<InIframe>No</InIframe>
		<BlockEditTools>No</BlockEditTools>
		<FormXML><![CDATA[<Form>
		<Description>Open Graph Meta Tag Settings</Description>
		<Tab name="Facebook" heading="FaceBook" description="Settings that affect Facebook">
			<SiteProperty caption="Facebook Admins" name="facebook admin Id list" ReadOnly="0" Type="text" Selector="" Description="A comma separated list of Facebook ID numbers for the people who can administer this page."></SiteProperty>
		</Tab>
		<Tab name="Open Graph" heading="Default Settings" description="Default settings for some Open Graph Tags">
			<SiteProperty caption="Site Name" name="open graph site name" ReadOnly="0" Type="text" Selector="" Description="The human-readable name for your site that is sent out in an open graph meta tag."></SiteProperty>
			<SiteProperty caption="Default Page Image" name="pageImageFilename" ReadOnly="0" Type="ImageFile" Selector="" Description="This image is used as default image for the open graph meta tags."></SiteProperty>
		</Tab>
		<Tab name="General Settings" description="General Settings for Twitter functionality">
			<Description>Settings Page for Twitter functionality</Description>
			<SiteProperty caption="Twitter Username" name="Twitter Username" Type="text"/>
			<SiteProperty caption="Twitter Password" name="Twitter Password" Type="text"/>
		</Tab>
</Form>]]></FormXML>
		<IsInline>No</IsInline>
		<JavascriptInHead></JavascriptInHead>
		<javascriptForceHead>No</javascriptForceHead>
		<JSHeadScriptSrc></JSHeadScriptSrc>
		<!-- deprecated --><JSBodyScriptSrc></JSBodyScriptSrc>
		<!-- deprecated --><JavascriptBodyEnd></JavascriptBodyEnd>
		<!-- deprecated --><JavascriptOnLoad></JavascriptOnLoad>
		<Content>No</Content>
		<Template>No</Template>
		<Email>No</Email>
		<Admin>Yes</Admin>
		<OnPageEndEvent>No</OnPageEndEvent>
		<OnPageStartEvent>No</OnPageStartEvent>
		<OnBodyStart>No</OnBodyStart>
		<OnBodyEnd>No</OnBodyEnd>
		<RemoteMethod>No</RemoteMethod>
		<ProcessRunOnce>No</ProcessRunOnce>
		<ProcessInterval>0</ProcessInterval>
		<MetaDescription></MetaDescription>
		<OtherHeadTags></OtherHeadTags>
		<PageTitle></PageTitle>
		<RemoteAssetLink></RemoteAssetLink>
		<Styles></Styles>
		<styleslinkhref></styleslinkhref>
		<Scripting Language="VBScript" EntryPoint="" Timeout="5000"/>
	</Addon>
	<Addon name="Tweet Tool" guid="{3D6E0F58-73A9-4299-AAA7-4AF12DE8C7AB}" type="Tool">
		<Copy></Copy>
		<CopyText></CopyText>
		<ActiveXProgramID><![CDATA[aoTwitter.groupTweetClass]]></ActiveXProgramID>
		<DotNetClass></DotNetClass>
		<ArgumentList></ArgumentList>
		<AsAjax>No</AsAjax>
		<Filter>No</Filter>
		<Help></Help>
		<HelpLink></HelpLink>
		<Icon Link="" width="0" height="0" sprites="0" />
		<InIframe>No</InIframe>
		<BlockEditTools>Yes</BlockEditTools>
		<FormXML></FormXML>
		<IsInline>No</IsInline>
		<JavascriptInHead></JavascriptInHead>
		<javascriptForceHead>No</javascriptForceHead>
		<JSHeadScriptSrc></JSHeadScriptSrc>
		<!-- deprecated --><JSBodyScriptSrc></JSBodyScriptSrc>
		<!-- deprecated --><JavascriptBodyEnd></JavascriptBodyEnd>
		<!-- deprecated --><JavascriptOnLoad></JavascriptOnLoad>
		<Content>Yes</Content>
		<Template>Yes</Template>
		<Email>No</Email>
		<Admin>Yes</Admin>
		<OnPageEndEvent>No</OnPageEndEvent>
		<OnPageStartEvent>No</OnPageStartEvent>
		<OnBodyStart>No</OnBodyStart>
		<OnBodyEnd>No</OnBodyEnd>
		<RemoteMethod>No</RemoteMethod>
		<ProcessRunOnce>No</ProcessRunOnce>
		<ProcessInterval>0</ProcessInterval>
		<MetaDescription></MetaDescription>
		<OtherHeadTags></OtherHeadTags>
		<PageTitle></PageTitle>
		<RemoteAssetLink></RemoteAssetLink>
		<Styles><![CDATA[




#groupTweetForm{padding:10px;}
#groupTweetForm .headline{font-weight:bold; font-size:14px;}
#twitterUserTimeline{padding-top:10px; width:500px;}
#twitterUserTimeline .profileImage{padding-right:5px; padding-left:5px;}
#twitterUserTimeline .followerMessage{padding-right:5px; padding-left:5px;}
#twitterUserTimeline .twitter_message{padding:5px; width:100%; margin-bottom:5px; border-bottom:1px solid black;}
#twitterUserTimeline .headline{padding-bottom:5px; font-weight:bold; font-size:14px;}
#twitterUserTimeline .headline A{color: #000000;}
#twitterUserTimeline .created{padding-bottom:5px;}
#twitterUserTimeline .message{padding-bottom:5px;}
#twitterUserTimeline .message A{color: #000000;}
]]></Styles>
		<styleslinkhref></styleslinkhref>
		<Scripting Language="VBScript" EntryPoint="" Timeout="5000"/>
	</Addon>
	<Addon name="Tweets" guid="{64CFC070-A546-4ACB-85D5-F2B6935178A9}" type="Add-on">
		<Copy></Copy>
		<CopyText></CopyText>
		<ActiveXProgramID></ActiveXProgramID>
		<DotNetClass><![CDATA[Contensive.Addons.aoTwitter.userTimelineClass]]></DotNetClass>
		<ArgumentList><![CDATA[Username
Title
Follow Me Caption
Tweets to display]]></ArgumentList>
		<AsAjax>No</AsAjax>
		<Filter>No</Filter>
		<Help></Help>
		<HelpLink></HelpLink>
		<Icon Link="" width="0" height="0" sprites="0" />
		<InIframe>No</InIframe>
		<BlockEditTools>No</BlockEditTools>
		<FormXML></FormXML>
		<IsInline>No</IsInline>
		<JavascriptInHead></JavascriptInHead>
		<javascriptForceHead>No</javascriptForceHead>
		<JSHeadScriptSrc></JSHeadScriptSrc>
		<!-- deprecated --><JSBodyScriptSrc></JSBodyScriptSrc>
		<!-- deprecated --><JavascriptBodyEnd></JavascriptBodyEnd>
		<!-- deprecated --><JavascriptOnLoad></JavascriptOnLoad>
		<Content>Yes</Content>
		<Template>Yes</Template>
		<Email>No</Email>
		<Admin>No</Admin>
		<OnPageEndEvent>No</OnPageEndEvent>
		<OnPageStartEvent>No</OnPageStartEvent>
		<OnBodyStart>No</OnBodyStart>
		<OnBodyEnd>No</OnBodyEnd>
		<RemoteMethod>No</RemoteMethod>
		<ProcessRunOnce>No</ProcessRunOnce>
		<ProcessInterval>0</ProcessInterval>
		<MetaDescription></MetaDescription>
		<OtherHeadTags></OtherHeadTags>
		<PageTitle></PageTitle>
		<RemoteAssetLink></RemoteAssetLink>
		<Styles><![CDATA[


.sidebar-title{}
.twitter-link{}
.twitter_div{border:1px solid #000000; background-color:#FFFFFF; padding:5px;}
div.twitter_div ul A{display:block; margin-top:3px; margin-bottom:3px;}
div.twitter_div ul{margin:0px;}
div.twitter_div {FONT-SIZE:11px;FONT-FAMILY:verdana,arial,sans-serif;}
div.twitter_div a {}
.twitter-link{}
#twitter-link_div{margin-top:10px;}
#twitter_update_list {list-style-type:none;padding:0;margin:0;}
#twitter_update_list li { margin: 5px 0 15px 0; }
#twitter_update_list li p.twitterPostedDate { margin-top: 3px; font-size: smaller; font-weight: bold }
#twitter_div h2 { margin-top: 0; }]]></Styles>
		<styleslinkhref></styleslinkhref>
		<Scripting Language="VBScript" EntryPoint="" Timeout="5000"/>
	</Addon>
	<Resource name="aotwitter.dll" type="executable" path="" />
	<Resource name="curl.exe" type="executable" path="" />
	<Resource name="libeay32.dll" type="executable" path="" />
	<Resource name="libssl32.dll" type="executable" path="" />
	<Resource name="libcurl.dll" type="executable" path="" />
	<Resource name="aotwitter2.dll" type="executable" path="" />
	<Resource name="hammock.clientprofile.dll" type="executable" path="" />
	<Resource name="newtonsoft.json.dll" type="executable" path="" />
	<Resource name="tweetsharp.dll" type="executable" path="" />
</Collection>