<?xml version="1.0" encoding="windows-1252"?>
<Collection name="Social Media" guid="{3B4362B9-5556-4890-B049-56B31B869C64}" system="No" updatable="Yes" blockNavigatorNode="No">
	<HelpLink>http://support.contensive.com/Social-Media-Add-On</HelpLink>
	<Help></Help>
	<Addon name="Add This" guid="{DCBE4BD3-AF3C-4412-90E6-1740C391CE8E}" type="Add-on">
		<Copy></Copy>
		<CopyText><![CDATA[<!-- AddThis Button BEGIN -->
<script type="text/javascript">addthis_pub  = 'AddThisAccount';</script>
<a href="http://www.addthis.com/bookmark.php" onmouseover="return addthis_open(this, '', '[URL]', '[TITLE]')" onmouseout="addthis_close()" onclick="return addthis_sendto()"><img src="http://s9.addthis.com/button1-share.gif" width="125" height="16" border="0" alt="" /></a><script type="text/javascript" src="http://s7.addthis.com/js/152/addthis_widget.js"></script>
<!-- AddThis Button END -->
            ]]></CopyText>
		<ActiveXProgramID></ActiveXProgramID>
		<DotNetClass></DotNetClass>
		<ArgumentList><![CDATA[AddThisAccount]]></ArgumentList>
		<AsAjax>No</AsAjax>
		<Filter>No</Filter>
		<Help></Help>
		<HelpLink></HelpLink>
		<Icon Link="http://www.addthis.com/bookmark.php" width="0" height="0" sprites="0" />
		<InIframe>No</InIframe>
		<BlockEditTools>No</BlockEditTools>
		<FormXML></FormXML>
		<IsInline>No</IsInline>
		<JavascriptOnLoad></JavascriptOnLoad>
		<JavascriptInHead></JavascriptInHead>
		<JavascriptBodyEnd></JavascriptBodyEnd>
		<MetaDescription></MetaDescription>
		<OtherHeadTags></OtherHeadTags>
		<Content>Yes</Content>
		<Template>Yes</Template>
		<Email>No</Email>
		<Admin>No</Admin>
		<OnPageEndEvent>No</OnPageEndEvent>
		<OnPageStartEvent>No</OnPageStartEvent>
		<OnBodyStart>No</OnBodyStart>
		<OnBodyEnd>No</OnBodyEnd>
		<RemoteMethod>No</RemoteMethod>
		<ProcessRunOnce>No</ProcessRunOnce>
		<ProcessInterval>0</ProcessInterval>
		<PageTitle></PageTitle>
		<RemoteAssetLink></RemoteAssetLink>
		<Styles></Styles>
		<Scripting Language="" EntryPoint="" Timeout="5000"/>
	</Addon>
	<Addon name="Create Social Media Meta Tags From Properties At End Of Body" guid="{13231CF9-C06D-4748-83F4-A49545C1B4DA}" type="Add-on">
		<Copy></Copy>
		<CopyText></CopyText>
		<ActiveXProgramID></ActiveXProgramID>
		<DotNetClass></DotNetClass>
		<ArgumentList></ArgumentList>
		<AsAjax>No</AsAjax>
		<Filter>No</Filter>
		<Help></Help>
		<HelpLink><![CDATA[http://support.contensive.com/Open-Graph-Meta-Tags]]></HelpLink>
		<Icon Link="http://support.contensive.com/hlpRsrc/opengraph.png" width="57" height="59" sprites="4" />
		<InIframe>No</InIframe>
		<BlockEditTools>Yes</BlockEditTools>
		<FormXML></FormXML>
		<IsInline>No</IsInline>
		<JavascriptOnLoad></JavascriptOnLoad>
		<JavascriptInHead></JavascriptInHead>
		<JavascriptBodyEnd></JavascriptBodyEnd>
		<MetaDescription></MetaDescription>
		<OtherHeadTags></OtherHeadTags>
		<Content>No</Content>
		<Template>No</Template>
		<Email>No</Email>
		<Admin>No</Admin>
		<OnPageEndEvent>No</OnPageEndEvent>
		<OnPageStartEvent>No</OnPageStartEvent>
		<OnBodyStart>No</OnBodyStart>
		<OnBodyEnd>Yes</OnBodyEnd>
		<RemoteMethod>No</RemoteMethod>
		<ProcessRunOnce>No</ProcessRunOnce>
		<ProcessInterval>0</ProcessInterval>
		<PageTitle></PageTitle>
		<RemoteAssetLink></RemoteAssetLink>
		<Styles></Styles>
		<Scripting Language="VBScript" EntryPoint="GetContent" Timeout="5000">
			<Code><![CDATA[function getContent()
	'
	dim title
	dim image
	dim description
	dim contentType
	dim url
	dim siteName
	dim admins
	dim cs
	dim pageId
	'
	'	add on can be called from other addons this ensures it is only called once per page
	'
	if not cp.utils.encodeBoolean(ccLib.GetViewingProperty("Block Page Open Graph")) then
		pageId = cp.doc.pageId
		set cs = cp.csNew()
		'
		' URL
		'
		url = cp.doc.var("Open Graph URL")
		if URL="" then
			url = cp.content.getPageLink(pageId)
		end if
		call cp.doc.addHeadTag("<meta property=""og:url"" content=""" & url & """ />")
		'
		'	title appears to be required - if not set, use the page name
		'
		title = cp.doc.var("Open Graph Title")
		description = cp.doc.var("Open Graph Description")
		if title = "" then
			if pageId<>0 then
				call cs.Open( "meta content", "(recordid=" & pageId & ")" )
				if cs.ok then
					title = cs.getText("name")
					if title = "" then
						title = cp.doc.pageName
					end if
					'
					if description="" then
						description = cs.getText("metadescription")
					end if
				end if
				call cs.close
			end if
		end if
		if title<>"" then
			title = cp.Utils.ConvertHTML2Text(title)
			call cp.doc.addHeadTag("<meta property=""og:title"" content=""" & title & """ />")
		end if
		if description<>"" then
			description = cp.Utils.ConvertHTML2Text(description)
			call cp.doc.addHeadTag("<meta property=""og:description"" content=""" & description & """ />")
		end if
		'
		'	image is a required tag for Facebook - if not set use the Contensive logo
		'
		image = cp.doc.var("Open Graph Image")
		if image = "" then
			'
			' no image, use page image
			'
			if pageId<>0 then
				if cs.Open( "page content", "id=" & cp.doc.pageId, "imageFilename" ) then
					image = cs.getText("imageFilename")
					if image <> "" then
						image = "http://" & cp.site.Domain & cp.site.filepath & image
					end if
				end if
				call cs.close
			end if
			'
			' no page image, use site image
			'
			if image = "" then
				image = cp.site.GetProperty("pageImageFilename")
				if image <> "" then
					image = "http://" & cp.Site.Domain & cp.site.FilePath & cp.Utils.EncodeUrl(image)
				end if
			end if
		end if
		if image<>"" then
			cp.Utils.EncodeHtml(image)
			call cp.doc.addHeadTag("<meta property=""og:image"" content=""" & image & """ />")
		end if
		'
		' site name
		'
		siteName = cp.doc.var("Open Graph Site Name")
		if siteName="" then
			s = cp.site.getProperty( "facebook site_name" )
		end if
		if siteName="" then
			siteName = cp.site.name
		end if
		call cp.doc.addHeadTag("<meta property=""og:site_name"" content=""" & siteName & """ />")
		'
		'	if content type is not set, pull it from default default
		'		set in Open Graph Settings
		'
		contentType = cp.doc.var("Open Graph Content Type")
		if contentType = "" then
			contentType = "website"
		end if
		call cp.doc.addHeadTag("<meta property=""og:type"" content=""" & contentType & """ />")
		'
		' facebook admins
		'
		admins = cp.doc.var("Open Graph Admins")
		if admins = "" then
			admins = cp.site.getProperty("FACEBOOK ADMIN ID LIST")
		end if
		if admins<>"" then
			call cp.doc.addHeadTag("<meta property=""fb:admins"" content=""" & admins & """ />")
		end if
		'
		'	only allow this addon to run once per page
		'
		Call ccLib.SetViewingProperty("Block Page Open Graph", "true")
	end if
	'
end function


]]></Code>
		</Scripting>
	</Addon>
	<Addon name="FaceBook Activity Feed" guid="{8FEAAEE3-EFBE-4227-9AB1-7A96744E2096}" type="Add-on">
		<Copy></Copy>
		<CopyText></CopyText>
		<ActiveXProgramID></ActiveXProgramID>
		<DotNetClass></DotNetClass>
		<ArgumentList></ArgumentList>
		<AsAjax>No</AsAjax>
		<Filter>No</Filter>
		<Help></Help>
		<HelpLink></HelpLink>
		<Icon Link="" width="0" height="0" sprites="0" />
		<InIframe>No</InIframe>
		<BlockEditTools>No</BlockEditTools>
		<FormXML></FormXML>
		<IncludeAddon name="Facebook Javascript SDK" guid="{F6C9FE6F-F126-4E35-850C-FD9BEDDA7E64}"/>
		<IsInline>No</IsInline>
		<JavascriptOnLoad></JavascriptOnLoad>
		<JavascriptInHead></JavascriptInHead>
		<JavascriptBodyEnd></JavascriptBodyEnd>
		<MetaDescription></MetaDescription>
		<OtherHeadTags></OtherHeadTags>
		<Content>Yes</Content>
		<Template>Yes</Template>
		<Email>No</Email>
		<Admin>No</Admin>
		<OnPageEndEvent>No</OnPageEndEvent>
		<OnPageStartEvent>No</OnPageStartEvent>
		<OnBodyStart>No</OnBodyStart>
		<OnBodyEnd>No</OnBodyEnd>
		<RemoteMethod>No</RemoteMethod>
		<ProcessRunOnce>No</ProcessRunOnce>
		<ProcessInterval>0</ProcessInterval>
		<PageTitle></PageTitle>
		<RemoteAssetLink></RemoteAssetLink>
		<Styles></Styles>
		<Scripting Language="" EntryPoint="" Timeout="5000">
			<Code><![CDATA[function m
dim domain
m=""
domain = cp.site.domainPrimary
if domain<>"" then
    m = "<div" _
		& " class=""fb-activity""" _
		& " data-site=""" & domain & """" _
		& " data-width=""300""" _
		& " data-height=""300""" _
		& " data-header=""true""" _
		& " data-recommendations=""false"">" _
		& "</div>"
end if
end function
]]></Code>
		</Scripting>
	</Addon>
	<Addon name="Facebook Javascript SDK" guid="{F6C9FE6F-F126-4E35-850C-FD9BEDDA7E64}" type="Add-on">
		<Copy></Copy>
		<CopyText><![CDATA[<div id="fb-root"></div>
<script>(function(d, s, id) {
  var js, fjs = d.getElementsByTagName(s)[0];
  if (d.getElementById(id)) return;
  js = d.createElement(s); js.id = id;
  js.src = "//connect.facebook.net/en_US/all.js#xfbml=1";
  fjs.parentNode.insertBefore(js, fjs);
}(document, 'script', 'facebook-jssdk'));</script>]]></CopyText>
		<ActiveXProgramID></ActiveXProgramID>
		<DotNetClass></DotNetClass>
		<ArgumentList></ArgumentList>
		<AsAjax>No</AsAjax>
		<Filter>No</Filter>
		<Help></Help>
		<HelpLink></HelpLink>
		<Icon Link="" width="0" height="0" sprites="0" />
		<InIframe>No</InIframe>
		<BlockEditTools>No</BlockEditTools>
		<FormXML></FormXML>
		<IsInline>No</IsInline>
		<JavascriptOnLoad></JavascriptOnLoad>
		<JavascriptInHead></JavascriptInHead>
		<JavascriptBodyEnd></JavascriptBodyEnd>
		<MetaDescription></MetaDescription>
		<OtherHeadTags></OtherHeadTags>
		<Content>No</Content>
		<Template>No</Template>
		<Email>No</Email>
		<Admin>No</Admin>
		<OnPageEndEvent>No</OnPageEndEvent>
		<OnPageStartEvent>No</OnPageStartEvent>
		<OnBodyStart>Yes</OnBodyStart>
		<OnBodyEnd>No</OnBodyEnd>
		<RemoteMethod>No</RemoteMethod>
		<ProcessRunOnce>No</ProcessRunOnce>
		<ProcessInterval>0</ProcessInterval>
		<PageTitle></PageTitle>
		<RemoteAssetLink></RemoteAssetLink>
		<Styles></Styles>
		<Scripting Language="" EntryPoint="" Timeout="5000"/>
	</Addon>
	<Addon name="FaceBook Like" guid="{17919A35-06B3-4F32-9607-4DB3228A15DF}" type="Add-on">
		<Copy></Copy>
		<CopyText></CopyText>
		<ActiveXProgramID></ActiveXProgramID>
		<DotNetClass></DotNetClass>
		<ArgumentList></ArgumentList>
		<AsAjax>No</AsAjax>
		<Filter>No</Filter>
		<Help></Help>
		<HelpLink></HelpLink>
		<Icon Link="" width="0" height="0" sprites="0" />
		<InIframe>No</InIframe>
		<BlockEditTools>No</BlockEditTools>
		<FormXML></FormXML>
		<IncludeAddon name="Facebook Javascript SDK" guid="{F6C9FE6F-F126-4E35-850C-FD9BEDDA7E64}"/>
		<IsInline>No</IsInline>
		<JavascriptOnLoad></JavascriptOnLoad>
		<JavascriptInHead></JavascriptInHead>
		<JavascriptBodyEnd></JavascriptBodyEnd>
		<MetaDescription></MetaDescription>
		<OtherHeadTags></OtherHeadTags>
		<Content>Yes</Content>
		<Template>Yes</Template>
		<Email>No</Email>
		<Admin>No</Admin>
		<OnPageEndEvent>No</OnPageEndEvent>
		<OnPageStartEvent>No</OnPageStartEvent>
		<OnBodyStart>No</OnBodyStart>
		<OnBodyEnd>No</OnBodyEnd>
		<RemoteMethod>No</RemoteMethod>
		<ProcessRunOnce>No</ProcessRunOnce>
		<ProcessInterval>0</ProcessInterval>
		<PageTitle></PageTitle>
		<RemoteAssetLink></RemoteAssetLink>
		<Styles></Styles>
		<Scripting Language="" EntryPoint="" Timeout="5000">
			<Code><![CDATA[function m
dim pageId,pageLink
m=""
pagelink = CP.Doc.getText("Open Graph URL")
if pagelink="" then
	pageId = cp.doc.pageId
	pageLink = cp.content.getPageLink( pageId )
end if
if pageLink="" then
'm = "<div>?????</div>"
else
    m = "<div" _
		& " class=""fb-like""" _
		& " data-href=""" & pageLink & """" _
		& " data-send=""true""" _
		& " data-width=""450""" _
		& " data-show-faces=""true""" _
		& " data-font=""arial"">" _
		& "</div>"
end if
end function

]]></Code>
		</Scripting>
	</Addon>
	<Addon name="Initialize Social Media Properties At Top of Body (deprecated)" guid="{3C90FF4D-0240-4872-B379-06931FF56969}" type="Add-on">
		<Copy></Copy>
		<CopyText></CopyText>
		<ActiveXProgramID></ActiveXProgramID>
		<DotNetClass></DotNetClass>
		<ArgumentList></ArgumentList>
		<AsAjax>No</AsAjax>
		<Filter>No</Filter>
		<Help></Help>
		<HelpLink><![CDATA[http://support.contensive.com/Open-Graph-Meta-Tags]]></HelpLink>
		<Icon Link="http://support.contensive.com/hlpRsrc/opengraphPage.png" width="57" height="59" sprites="4" />
		<InIframe>No</InIframe>
		<BlockEditTools>Yes</BlockEditTools>
		<FormXML></FormXML>
		<IsInline>No</IsInline>
		<JavascriptOnLoad></JavascriptOnLoad>
		<JavascriptInHead></JavascriptInHead>
		<JavascriptBodyEnd></JavascriptBodyEnd>
		<MetaDescription></MetaDescription>
		<OtherHeadTags></OtherHeadTags>
		<Content>No</Content>
		<Template>No</Template>
		<Email>No</Email>
		<Admin>No</Admin>
		<OnPageEndEvent>No</OnPageEndEvent>
		<OnPageStartEvent>No</OnPageStartEvent>
		<OnBodyStart>No</OnBodyStart>
		<OnBodyEnd>No</OnBodyEnd>
		<RemoteMethod>No</RemoteMethod>
		<ProcessRunOnce>No</ProcessRunOnce>
		<ProcessInterval>0</ProcessInterval>
		<PageTitle></PageTitle>
		<RemoteAssetLink></RemoteAssetLink>
		<Styles></Styles>
		<Scripting Language="" EntryPoint="" Timeout="5000">
			<Code><![CDATA[function m
	'
end function



]]></Code>
		</Scripting>
	</Addon>
	<Addon name="Social Media Settings" guid="{C8304551-7A85-400E-8DAC-DB3832A603DE}" type="Setting">
		<Copy></Copy>
		<CopyText></CopyText>
		<ActiveXProgramID></ActiveXProgramID>
		<DotNetClass></DotNetClass>
		<ArgumentList></ArgumentList>
		<AsAjax>No</AsAjax>
		<Filter>No</Filter>
		<Help><![CDATA[<p>Settings used when creating Open Graph META tags.</p>]]></Help>
		<HelpLink><![CDATA[http://support.contensive.com/Open-Graph-Meta-Tags]]></HelpLink>
		<Icon Link="http://support.contensive.com/hlpRsrc/opengraphSettings.png" width="57" height="59" sprites="4" />
		<InIframe>No</InIframe>
		<BlockEditTools>No</BlockEditTools>
		<FormXML><![CDATA[<Form>
		<Description>Open Graph Meta Tag Settings</Description>
		<Tab name="Facebook" heading="FaceBook" description="Settings that affect Facebook">
			<SiteProperty caption="Facebook Admins" name="facebook admin Id list" ReadOnly="0" Type="text" Selector="" Description="A comma separated list of Facebook ID numbers for the people who can administer this page."></SiteProperty>
		</Tab>
		<Tab name="Open Graph" heading="Default Settings" description="Default settings for some Open Graph Tags">
			<SiteProperty caption="Site Name" name="open graph site name" ReadOnly="0" Type="text" Selector="" Description="The human-readable name for your site that is sent out in an open graph meta tag."></SiteProperty>
			<SiteProperty caption="Default Page Image" name="pageImageFilename" ReadOnly="0" Type="ImageFile" Selector="" Description="This image is used as default image for the open graph meta tags."></SiteProperty>
		</Tab>
		<Tab name="General Settings" description="General Settings for Twitter functionality">
			<Description>Settings Page for Twitter functionality</Description>
			<SiteProperty caption="Twitter Username" name="Twitter Username" Type="text"/>
			<SiteProperty caption="Twitter Password" name="Twitter Password" Type="text"/>
		</Tab>
</Form>]]></FormXML>
		<IsInline>No</IsInline>
		<JavascriptOnLoad></JavascriptOnLoad>
		<JavascriptInHead></JavascriptInHead>
		<JavascriptBodyEnd></JavascriptBodyEnd>
		<MetaDescription></MetaDescription>
		<OtherHeadTags></OtherHeadTags>
		<Content>No</Content>
		<Template>No</Template>
		<Email>No</Email>
		<Admin>Yes</Admin>
		<OnPageEndEvent>No</OnPageEndEvent>
		<OnPageStartEvent>No</OnPageStartEvent>
		<OnBodyStart>No</OnBodyStart>
		<OnBodyEnd>No</OnBodyEnd>
		<RemoteMethod>No</RemoteMethod>
		<ProcessRunOnce>No</ProcessRunOnce>
		<ProcessInterval>0</ProcessInterval>
		<PageTitle></PageTitle>
		<RemoteAssetLink></RemoteAssetLink>
		<Styles></Styles>
		<Scripting Language="" EntryPoint="" Timeout="5000"/>
	</Addon>
	<Addon name="Tweet Tool" guid="{3D6E0F58-73A9-4299-AAA7-4AF12DE8C7AB}" type="Tool">
		<Copy></Copy>
		<CopyText></CopyText>
		<ActiveXProgramID><![CDATA[aoTwitter.groupTweetClass]]></ActiveXProgramID>
		<DotNetClass></DotNetClass>
		<ArgumentList></ArgumentList>
		<AsAjax>No</AsAjax>
		<Filter>No</Filter>
		<Help></Help>
		<HelpLink></HelpLink>
		<Icon Link="" width="0" height="0" sprites="0" />
		<InIframe>No</InIframe>
		<BlockEditTools>Yes</BlockEditTools>
		<FormXML></FormXML>
		<IsInline>No</IsInline>
		<JavascriptOnLoad></JavascriptOnLoad>
		<JavascriptInHead></JavascriptInHead>
		<JavascriptBodyEnd></JavascriptBodyEnd>
		<MetaDescription></MetaDescription>
		<OtherHeadTags></OtherHeadTags>
		<Content>Yes</Content>
		<Template>Yes</Template>
		<Email>No</Email>
		<Admin>Yes</Admin>
		<OnPageEndEvent>No</OnPageEndEvent>
		<OnPageStartEvent>No</OnPageStartEvent>
		<OnBodyStart>No</OnBodyStart>
		<OnBodyEnd>No</OnBodyEnd>
		<RemoteMethod>No</RemoteMethod>
		<ProcessRunOnce>No</ProcessRunOnce>
		<ProcessInterval>0</ProcessInterval>
		<PageTitle></PageTitle>
		<RemoteAssetLink></RemoteAssetLink>
		<Styles><![CDATA[


#groupTweetForm{padding:10px;}
#groupTweetForm .headline{font-weight:bold; font-size:14px;}
#twitterUserTimeline{padding-top:10px; width:500px;}
#twitterUserTimeline .profileImage{padding-right:5px; padding-left:5px;}
#twitterUserTimeline .followerMessage{padding-right:5px; padding-left:5px;}
#twitterUserTimeline .twitter_message{padding:5px; width:100%; margin-bottom:5px; border-bottom:1px solid black;}
#twitterUserTimeline .headline{padding-bottom:5px; font-weight:bold; font-size:14px;}
#twitterUserTimeline .headline A{color: #000000;}
#twitterUserTimeline .created{padding-bottom:5px;}
#twitterUserTimeline .message{padding-bottom:5px;}
#twitterUserTimeline .message A{color: #000000;}
]]></Styles>
		<Scripting Language="" EntryPoint="" Timeout="5000"/>
	</Addon>
	<Addon name="Tweets" guid="{64CFC070-A546-4ACB-85D5-F2B6935178A9}" type="Add-on">
		<Copy></Copy>
		<CopyText></CopyText>
		<ActiveXProgramID></ActiveXProgramID>
		<DotNetClass><![CDATA[Contensive.Addons.aoTwitter.userTimelineClass]]></DotNetClass>
		<ArgumentList><![CDATA[Username
Title
Follow Me Caption
Tweets to display]]></ArgumentList>
		<AsAjax>No</AsAjax>
		<Filter>No</Filter>
		<Help></Help>
		<HelpLink></HelpLink>
		<Icon Link="" width="0" height="0" sprites="0" />
		<InIframe>No</InIframe>
		<BlockEditTools>No</BlockEditTools>
		<FormXML></FormXML>
		<IsInline>No</IsInline>
		<JavascriptOnLoad></JavascriptOnLoad>
		<JavascriptInHead></JavascriptInHead>
		<JavascriptBodyEnd></JavascriptBodyEnd>
		<MetaDescription></MetaDescription>
		<OtherHeadTags></OtherHeadTags>
		<Content>Yes</Content>
		<Template>Yes</Template>
		<Email>No</Email>
		<Admin>No</Admin>
		<OnPageEndEvent>No</OnPageEndEvent>
		<OnPageStartEvent>No</OnPageStartEvent>
		<OnBodyStart>No</OnBodyStart>
		<OnBodyEnd>No</OnBodyEnd>
		<RemoteMethod>No</RemoteMethod>
		<ProcessRunOnce>No</ProcessRunOnce>
		<ProcessInterval>0</ProcessInterval>
		<PageTitle></PageTitle>
		<RemoteAssetLink></RemoteAssetLink>
		<Styles><![CDATA[
.sidebar-title{}
.twitter-link{}
.twitter_div{border:1px solid #000000; background-color:#FFFFFF; padding:5px;}
div.twitter_div ul A{display:block; margin-top:3px; margin-bottom:3px;}
div.twitter_div ul{margin:0px;}
div.twitter_div {FONT-SIZE:11px;FONT-FAMILY:verdana,arial,sans-serif;}
div.twitter_div a {}
.twitter-link{}
#twitter-link_div{margin-top:10px;}
#twitter_update_list {list-style-type:none;padding:0;margin:0;}
#twitter_update_list li { margin: 5px 0 15px 0; }
#twitter_update_list li p.twitterPostedDate { margin-top: 3px; font-size: smaller; font-weight: bold }
#twitter_div h2 { margin-top: 0; }]]></Styles>
		<Scripting Language="" EntryPoint="" Timeout="5000"/>
	</Addon>
	<CDef Name="Page Content" guid="{02203F58-0921-4F75-A089-0EAD6E8FEB4F}" >
		<Field Name="PathPage" active="False" AdminOnly="False" Authorable="False" Caption="PathPage" DeveloperOnly="False" EditSortPriority="2300" FieldType="Text" HTMLContent="False" IndexColumn="0" IndexSortDirection="0" IndexSortOrder="20" IndexWidth="50" RedirectID="" RedirectPath="" Required="False" TextBuffered="False" UniqueName="False" DefaultValue="" RSSTitle="False" RSSDescription="False" MemberSelectGroupID="0" EditTab="" Scramble="False" LookupList="" NotEditable="False" Password="False" ReadOnly="False" ManyToManyRulePrimaryField="" ManyToManyRuleSecondaryField="" IsModified="False" IsBaseField="False" LookupContent="" RedirectContent="" ManyToManyContent="" ManyToManyRuleContent="" ></Field>
		<Field Name="DocFilename" active="True" AdminOnly="False" Authorable="False" Caption="Download File" DeveloperOnly="False" EditSortPriority="9999" FieldType="File" HTMLContent="False" IndexColumn="99" IndexSortDirection="" IndexSortOrder="0" IndexWidth="0" RedirectID="" RedirectPath="" Required="False" TextBuffered="False" UniqueName="False" DefaultValue="" RSSTitle="False" RSSDescription="False" MemberSelectGroupID="0" EditTab="" Scramble="False" LookupList="" NotEditable="False" Password="False" ReadOnly="False" ManyToManyRulePrimaryField="" ManyToManyRuleSecondaryField="" IsModified="False" IsBaseField="False" LookupContent="" RedirectContent="" ManyToManyContent="" ManyToManyRuleContent="" ></Field>
		<Field Name="ImageFilename" active="True" AdminOnly="False" Authorable="True" Caption="Page Thumbnail" DeveloperOnly="False" EditSortPriority="2000" FieldType="File" HTMLContent="False" IndexColumn="99" IndexSortDirection="" IndexSortOrder="0" IndexWidth="0" RedirectID="" RedirectPath="" Required="False" TextBuffered="False" UniqueName="False" DefaultValue="" RSSTitle="False" RSSDescription="False" MemberSelectGroupID="0" EditTab="Features" Scramble="False" LookupList="" NotEditable="False" Password="False" ReadOnly="False" ManyToManyRulePrimaryField="" ManyToManyRuleSecondaryField="" IsModified="False" IsBaseField="False" LookupContent="" RedirectContent="" ManyToManyContent="" ManyToManyRuleContent="" ></Field>
		<Field Name="DocLabel" active="True" AdminOnly="False" Authorable="False" Caption="Download File Label" DeveloperOnly="False" EditSortPriority="9999" FieldType="Text" HTMLContent="False" IndexColumn="99" IndexSortDirection="" IndexSortOrder="0" IndexWidth="0" RedirectID="" RedirectPath="" Required="False" TextBuffered="False" UniqueName="False" DefaultValue="" RSSTitle="False" RSSDescription="False" MemberSelectGroupID="0" EditTab="" Scramble="False" LookupList="" NotEditable="False" Password="False" ReadOnly="False" ManyToManyRulePrimaryField="" ManyToManyRuleSecondaryField="" IsModified="False" IsBaseField="False" LookupContent="" RedirectContent="" ManyToManyContent="" ManyToManyRuleContent="" ></Field>
		<Field Name="PodcastMediaLink" active="True" AdminOnly="False" Authorable="True" Caption="Webcast Link" DeveloperOnly="False" EditSortPriority="1050" FieldType="ResourceLink" HTMLContent="False" IndexColumn="0" IndexSortDirection="" IndexSortOrder="0" IndexWidth="" RedirectID="" RedirectPath="" Required="False" TextBuffered="False" UniqueName="False" DefaultValue="" RSSTitle="False" RSSDescription="False" MemberSelectGroupID="0" EditTab="Webcast" Scramble="False" LookupList="" NotEditable="False" Password="False" ReadOnly="False" ManyToManyRulePrimaryField="" ManyToManyRuleSecondaryField="" IsModified="False" IsBaseField="False" LookupContent="" RedirectContent="" ManyToManyContent="" ManyToManyRuleContent="" ></Field>
		<Field Name="PodcastSize" active="True" AdminOnly="False" Authorable="True" Caption="Webcast Player Size" DeveloperOnly="False" EditSortPriority="1055" FieldType="Lookup" HTMLContent="False" IndexColumn="0" IndexSortDirection="" IndexSortOrder="0" IndexWidth="" RedirectID="" RedirectPath="" Required="False" TextBuffered="False" UniqueName="False" DefaultValue="" RSSTitle="False" RSSDescription="False" MemberSelectGroupID="0" EditTab="Webcast" Scramble="False" LookupList="Small-160x120,Medium-320x240,Large-640x480" NotEditable="False" Password="False" ReadOnly="False" ManyToManyRulePrimaryField="" ManyToManyRuleSecondaryField="" IsModified="False" IsBaseField="False" LookupContent="" RedirectContent="" ManyToManyContent="" ManyToManyRuleContent="" ></Field>
		<Field Name="RSSFeeds" active="True" AdminOnly="False" Authorable="True" Caption="RSS Feeds" DeveloperOnly="False" EditSortPriority="1000" FieldType="ManyToMany" HTMLContent="False" IndexColumn="0" IndexSortDirection="" IndexSortOrder="0" IndexWidth="" RedirectID="" RedirectPath="" Required="False" TextBuffered="False" UniqueName="False" DefaultValue="" RSSTitle="False" RSSDescription="False" MemberSelectGroupID="0" EditTab="RSS Feeds" Scramble="False" LookupList="" NotEditable="False" Password="False" ReadOnly="False" ManyToManyRulePrimaryField="PageID" ManyToManyRuleSecondaryField="RSSFeedID" IsModified="False" IsBaseField="False" LookupContent="" RedirectContent="" ManyToManyContent="RSS Feeds" ManyToManyRuleContent="RSS Feed Rules" >
			<HelpDefault>Select the feed(s) which will include this page.</HelpDefault>
		</Field>
		<Field Name="RSSTitle" active="True" AdminOnly="False" Authorable="True" Caption="Title" DeveloperOnly="False" EditSortPriority="1010" FieldType="Text" HTMLContent="False" IndexColumn="0" IndexSortDirection="" IndexSortOrder="0" IndexWidth="" RedirectID="" RedirectPath="" Required="False" TextBuffered="False" UniqueName="False" DefaultValue="" RSSTitle="False" RSSDescription="False" MemberSelectGroupID="0" EditTab="RSS Feeds" Scramble="False" LookupList="" NotEditable="False" Password="False" ReadOnly="False" ManyToManyRulePrimaryField="" ManyToManyRuleSecondaryField="" IsModified="False" IsBaseField="False" LookupContent="" RedirectContent="" ManyToManyContent="" ManyToManyRuleContent="" >
			<HelpDefault>(optional) The title of the RSS Feed item. If omitted the page name will be used.</HelpDefault>
		</Field>
		<Field Name="RSSLink" active="True" AdminOnly="False" Authorable="True" Caption="RSSLink Override" DeveloperOnly="False" EditSortPriority="9999" FieldType="Link" HTMLContent="False" IndexColumn="0" IndexSortDirection="" IndexSortOrder="0" IndexWidth="" RedirectID="" RedirectPath="" Required="False" TextBuffered="False" UniqueName="False" DefaultValue="" RSSTitle="False" RSSDescription="False" MemberSelectGroupID="0" EditTab="RSS Feeds" Scramble="False" LookupList="" NotEditable="False" Password="False" ReadOnly="False" ManyToManyRulePrimaryField="" ManyToManyRuleSecondaryField="" IsModified="False" IsBaseField="False" LookupContent="" RedirectContent="" ManyToManyContent="" ManyToManyRuleContent="" >
			<HelpDefault>(optional) If provided, when someone clicks on this RSS Feed item they will be taken to this link.</HelpDefault>
		</Field>
		<Field Name="RSSDateExpire" active="True" AdminOnly="False" Authorable="True" Caption="Date Expires" DeveloperOnly="False" EditSortPriority="1040" FieldType="Date" HTMLContent="False" IndexColumn="0" IndexSortDirection="" IndexSortOrder="0" IndexWidth="" RedirectID="" RedirectPath="" Required="False" TextBuffered="False" UniqueName="False" DefaultValue="" RSSTitle="False" RSSDescription="False" MemberSelectGroupID="0" EditTab="RSS Feeds" Scramble="False" LookupList="" NotEditable="False" Password="False" ReadOnly="False" ManyToManyRulePrimaryField="" ManyToManyRuleSecondaryField="" IsModified="False" IsBaseField="False" LookupContent="" RedirectContent="" ManyToManyContent="" ManyToManyRuleContent="" >
			<HelpDefault>(optional) The date when this RSS Feed item expires.</HelpDefault>
		</Field>
		<Field Name="RSSDatePublish" active="True" AdminOnly="False" Authorable="True" Caption="Date Publish" DeveloperOnly="False" EditSortPriority="1030" FieldType="Date" HTMLContent="False" IndexColumn="0" IndexSortDirection="" IndexSortOrder="0" IndexWidth="" RedirectID="" RedirectPath="" Required="False" TextBuffered="False" UniqueName="False" DefaultValue="" RSSTitle="False" RSSDescription="False" MemberSelectGroupID="0" EditTab="RSS Feeds" Scramble="False" LookupList="" NotEditable="False" Password="False" ReadOnly="False" ManyToManyRulePrimaryField="" ManyToManyRuleSecondaryField="" IsModified="False" IsBaseField="False" LookupContent="" RedirectContent="" ManyToManyContent="" ManyToManyRuleContent="" >
			<HelpDefault>(optional) The date of the RSS Feed Option. If omitted, the date this page was created will be used.</HelpDefault>
		</Field>
		<Field Name="RSSDescription" active="True" AdminOnly="False" Authorable="True" Caption="Description" DeveloperOnly="False" EditSortPriority="1020" FieldType="LongText" HTMLContent="False" IndexColumn="0" IndexSortDirection="" IndexSortOrder="0" IndexWidth="" RedirectID="" RedirectPath="" Required="False" TextBuffered="False" UniqueName="False" DefaultValue="" RSSTitle="False" RSSDescription="False" MemberSelectGroupID="0" EditTab="RSS Feeds" Scramble="False" LookupList="" NotEditable="False" Password="False" ReadOnly="False" ManyToManyRulePrimaryField="" ManyToManyRuleSecondaryField="" IsModified="False" IsBaseField="False" LookupContent="" RedirectContent="" ManyToManyContent="" ManyToManyRuleContent="" >
			<HelpDefault>(optional) The description of the RSS Feed item.</HelpDefault>
		</Field>
		<Field Name="trackingSegments" active="True" AdminOnly="False" Authorable="True" Caption="Tracking Segments" DeveloperOnly="False" EditSortPriority="1000" FieldType="ManyToMany" HTMLContent="False" IndexColumn="" IndexSortDirection="" IndexSortOrder="" IndexWidth="" RedirectID="" RedirectPath="" Required="False" TextBuffered="False" UniqueName="False" DefaultValue="" RSSTitle="False" RSSDescription="False" MemberSelectGroupID="" EditTab="Visit Tracking" Scramble="False" LookupList="" NotEditable="False" Password="False" ReadOnly="False" ManyToManyRulePrimaryField="pageId" ManyToManyRuleSecondaryField="trackingSegmentId" IsModified="True" IsBaseField="False" LookupContent="" RedirectContent="" ManyToManyContent="Tracking Segments" ManyToManyRuleContent="Tracking Segment Page Rules" ></Field>
		<Field Name="RegistrationRequired" active="True" AdminOnly="False" Authorable="True" Caption="Registration Required" DeveloperOnly="False" EditSortPriority="1010" FieldType="Boolean" HTMLContent="False" IndexColumn="-1" IndexSortDirection="" IndexSortOrder="0" IndexWidth="0" RedirectID="" RedirectPath="" Required="False" TextBuffered="False" UniqueName="False" DefaultValue="0" RSSTitle="False" RSSDescription="False" MemberSelectGroupID="0" EditTab="Features" Scramble="False" LookupList="" NotEditable="False" Password="False" ReadOnly="False" ManyToManyRulePrimaryField="" ManyToManyRuleSecondaryField="" IsModified="False" IsBaseField="False" LookupContent="" RedirectContent="" ManyToManyContent="" ManyToManyRuleContent="" ></Field>
		<Field Name="Marquee" active="True" AdminOnly="False" Authorable="True" Caption="Marquee" DeveloperOnly="False" EditSortPriority="1009" FieldType="Text" HTMLContent="False" IndexColumn="99" IndexSortDirection="" IndexSortOrder="0" IndexWidth="0" RedirectID="" RedirectPath="" Required="False" TextBuffered="False" UniqueName="False" DefaultValue="" RSSTitle="False" RSSDescription="False" MemberSelectGroupID="0" EditTab="Features" Scramble="False" LookupList="" NotEditable="False" Password="False" ReadOnly="False" ManyToManyRulePrimaryField="" ManyToManyRuleSecondaryField="" IsModified="False" IsBaseField="False" LookupContent="" RedirectContent="" ManyToManyContent="" ManyToManyRuleContent="" ></Field>
		<Field Name="AlternateContentLink" active="True" AdminOnly="False" Authorable="False" Caption="Alternate Content Link" DeveloperOnly="False" EditSortPriority="1025" FieldType="Text" HTMLContent="False" IndexColumn="99" IndexSortDirection="" IndexSortOrder="0" IndexWidth="0" RedirectID="" RedirectPath="" Required="False" TextBuffered="False" UniqueName="False" DefaultValue="" RSSTitle="False" RSSDescription="False" MemberSelectGroupID="0" EditTab="" Scramble="False" LookupList="" NotEditable="False" Password="False" ReadOnly="False" ManyToManyRulePrimaryField="" ManyToManyRuleSecondaryField="" IsModified="False" IsBaseField="False" LookupContent="" RedirectContent="" ManyToManyContent="" ManyToManyRuleContent="" ></Field>
		<Field Name="AlternateContentID" active="True" AdminOnly="False" Authorable="False" Caption="Alternate Content Type" DeveloperOnly="False" EditSortPriority="1024" FieldType="Lookup" HTMLContent="False" IndexColumn="99" IndexSortDirection="" IndexSortOrder="0" IndexWidth="0" RedirectID="" RedirectPath="" Required="False" TextBuffered="False" UniqueName="False" DefaultValue="" RSSTitle="False" RSSDescription="False" MemberSelectGroupID="0" EditTab="" Scramble="False" LookupList="" NotEditable="False" Password="False" ReadOnly="False" ManyToManyRulePrimaryField="" ManyToManyRuleSecondaryField="" IsModified="False" IsBaseField="False" LookupContent="" RedirectContent="" ManyToManyContent="" ManyToManyRuleContent="" ></Field>
		<Field Name="MenuImageFileName" active="True" AdminOnly="False" Authorable="False" Caption="Menu Image" DeveloperOnly="False" EditSortPriority="2280" FieldType="File" HTMLContent="False" IndexColumn="-1" IndexSortDirection="" IndexSortOrder="0" IndexWidth="0" RedirectID="" RedirectPath="" Required="False" TextBuffered="False" UniqueName="False" DefaultValue="" RSSTitle="False" RSSDescription="False" MemberSelectGroupID="0" EditTab="" Scramble="False" LookupList="" NotEditable="False" Password="False" ReadOnly="False" ManyToManyRulePrimaryField="" ManyToManyRuleSecondaryField="" IsModified="False" IsBaseField="False" LookupContent="" RedirectContent="" ManyToManyContent="" ManyToManyRuleContent="" ></Field>
		<Field Name="OrganizationID" active="True" AdminOnly="False" Authorable="False" Caption="Organization" DeveloperOnly="False" EditSortPriority="2270" FieldType="Lookup" HTMLContent="False" IndexColumn="-1" IndexSortDirection="" IndexSortOrder="0" IndexWidth="0" RedirectID="" RedirectPath="" Required="False" TextBuffered="False" UniqueName="False" DefaultValue="" RSSTitle="False" RSSDescription="False" MemberSelectGroupID="0" EditTab="" Scramble="False" LookupList="" NotEditable="False" Password="False" ReadOnly="False" ManyToManyRulePrimaryField="" ManyToManyRuleSecondaryField="" IsModified="False" IsBaseField="False" LookupContent="Organizations" RedirectContent="" ManyToManyContent="" ManyToManyRuleContent="" ></Field>
	</CDef>
	<Resource name="aotwitter.dll" type="executable" path="" />
	<Resource name="curl.exe" type="executable" path="" />
	<Resource name="libeay32.dll" type="executable" path="" />
	<Resource name="libssl32.dll" type="executable" path="" />
	<Resource name="libcurl.dll" type="executable" path="" />
	<Resource name="aotwitter2.dll" type="executable" path="" />
	<Resource name="hammock.clientprofile.dll" type="executable" path="" />
	<Resource name="newtonsoft.json.dll" type="executable" path="" />
	<Resource name="tweetsharp.dll" type="executable" path="" />
</Collection>